{"year": 2012, "load": [25.0, 100.0, 10.0, 100.0, 100.0, 1.0, 9.0, 75.0, 100.0, 75.0, 1.0, 20.0, 5.0, 30.0, 50.0, 30.0, 1.125, 30.0, 25.0, 300.0, 150.0, 0.05, 30.0]}
{"year": 2013, "load": [700.0, 3.0, 0.1, 1.0, 3.0, 12.0, 12.0, 10.3, 50.0, 50.0, 1.0, 70.0, 0.3, 10.0, 6.5, 30.0, 2.0, 2.0, 20.0, 1000.0, 5.0, 5.0, 1.0, 10.0, 40.0, 45.0, 2.2, 0.5, 1.0, 1.0, 11.0, 50.0, 50.0, 592.0, 0.3, 30.0, 0.3]}
{"year": 2014, "load": [5.0, 10.0, 0.0014, 0.0012, 0.0015, 0.00014, 0.00019, 3.5, 4.5, 7.0, 0.8, 1.0, 0.3, 0.2, 10.0, 10.0, 0.5, 10.0, 150.0, 50.0, 6.0, 10.0, 592.0, 10.0, 100.0, 10.0, 20.0, 1.0, 5.0, 50.0, 0.5, 25.0, 50.0, 20.0, 6.8, 6.7, 0.091, 30.0, 10.0, 3.0, 22.0, 150.0, 150.0]}
{"year": 2015, "load": [3.5, 3.5, 2.4, 20.0, 1.0, 4.5, 0.1, 150.0, 120.0, 4.0, 30.2, 10.0, 125.8, 168.6, 1.0, 30.0, 5.0, 30.0, 1.5, 1.0, 20.0, 20.0, 20.0, 0.5, 25.0, 200.0, 18.0, 23.4, 19.5, 15.6, 81.0, 105.0, 55.0, 88.0, 98.0, 1.0, 0.17, 0.1, 25.0, 50.0, 100.0, 5.0, 25.0, 1.0, 70.0, 50.0, 50.0, 3.0, 25.0, 25.0, 10.0, 25.0, 10.0]}
{"year": 2016, "load": [10.0, 29.0, 20.0, 10.0, 0.5, 45.0, 42.0, 44.0, 1.0, 30.0, 50.0, 1.0, 14.0, 2.5, 1.51, 25.0, 7.0, 700.0, 0.3, 0.01, 50.0, 150.0, 0.2, 100.0, 60.0, 1.0, 0.5, 10.0, 10.0, 0.1, 10.0, 10.0, 2.0, 50.0, 100.0, 500.0, 0.5, 0.3, 1.0, 3.16, 10.0, 50.0, 3.861, 0.1, 1400.0, 90.0, 120.0, 21.3, 6.0, 100.0, 10.0, 65.0, 50.0, 5.0, 25.0, 1.6, 9.73, 1.0, 1.0, 5.0, 300.0, 300.0, 2.0]}
{"year": 2017, "load": [10.0, 0.2, 15.0, 0.1, 150.0, 150.0, 80.0, 39.31, 39.52, 40.6, 41.1, 2.0, 2.0, 180.0, 180.0, 3.0, 50.0, 5.0, 9.0, 70.0, 25.0, 15.0, 10.0, 100.0, 100.0, 200.0, 400.0, 20.0, 400.0, 200.0, 400.0, 25.0, 1.0, 0.025, 3.0, 6.086, 10.866, 0.0, 44.0, 5.0, 5.0, 1.0, 1.0, 1.0, 1.0, 1.0, 1.0, 10.0, 30.0, 0.3, 6.9, 26.17, 3.0, 0.5, 5.0, 0.5, 5.0, 0.5, 300.0, 25.0, 5.0, 5.0, 1.0, 1.0, 1.0, 1.0, 1.0, 1.0, 120.0, 5.0, 25.0, 15.0, 130.0, 54.0, 280.0, 80.0, 1.5, 50.0, 75.0, 280.0, 1.5, 3.0, 1.225, 0.8, 0.45, 0.025, 0.5]}
{"year": 2018, "load": [150.0, 0.2, 5.0, 16.133, 10.0, 25.0, 1.5, 0.5, 0.16, 15.0, 1.0, 1.0, 1.0, 14.15, 18.0, 0.1, 1.0, 445.0, 1.0, 0.09, 1.0, 0.025, 50.0, 100.0, 50.0, 20.0, 11.0, 180.0, 50.0, 219.9, 17.0, 25.0, 3.0, 25.0, 0.3, 5.0, 50.0, 25.0, 25.0, 150.0, 50.0, 50.0, 3.0, 300.0, 4.3, 0.5, 10.0, 0.2, 0.5, 150.0, 1.0, 50.0, 30.0, 150.0, 1.0, 1.0, 1.286, 1.3, 1.0, 1.172, 0.0265, 1.538, 0.5, 0.19, 1.0, 10.0, 100.0, 100.0, 4.3, 9.8, 26.21, 30.81, 70.0, 70.0, 30.0, 70.0, 0.5, 220.0, 60.0, 150.0, 1.0, 270.0, 10.0, 5.0, 2.2, 15.0, 10.0, 2.3, 900.0, 850.0, 120.0, 60.0, 45.0, 60.0, 10.0, 1400.0, 8.0, 47.6, 5.25, 25.0, 37.8, 90.0, 4.2, 1.0, 0.3, 0.583, 40.0, 0.5, 50.0, 25.0, 30.0, 10.0, 0.2, 3.5]}
{"year": 2019, "load": [20.0, 1.0, 25.0, 400.0, 12.0, 0.5, 0.5, 30.0, 50.0, 10.0, 0.2, 0.2, 10.0, 0.2, 0.2, 10.0, 25.0, 2.0, 1.0, 30.0, 0.1, 150.0, 1.0, 6.6, 0.2, 0.3, 25.0, 72.0, 6.9, 340.0, 170.0, 270.0, 10.0, 1.626, 0.936, 15.0, 25.0, 50.0, 0.5, 20.0, 20.0, 10.0, 0.3, 150.0, 0.5, 30.0, 30.0, 45.4, 3.0, 0.1, 10.0, 0.2, 0.5, 1.0, 1.0, 4.5, 10.0, 0.2, 10.0, 154.0, 1.0, 150.0, 50.0, 10.0, 1.0, 0.3, 0.3]}
{"year": 2020, "load": [7.5, 3.0, 10.0, 1088.6, 1.4, 5.0, 2.8, 6.0, 6.0, 25.0, 3.0, 4.0, 5.0, 5.0, 3.0, 4.0, 5.0, 4.0, 5.0, 5.0, 5.0, 5.0, 3.0, 4.0, 5.0, 3.0, 4.0, 5.0, 62.5, 80.0, 250.0, 75.0, 0.4, 0.4, 0.23, 30.5, 3.0, 5.0, 100.0, 70.0, 50.0, 0.2, 0.5, 0.013, 2.16, 2.16, 30.0, 1.0, 50.0, 30.0, 600.0, 1.0, 300.0, 130.0, 25.0, 1.0, 2.0, 3.0, 92.0, 44.2, 8.5, 8.5, 1.09, 1.01, 1.96, 1.9, 1.36, 1.28, 80.0, 10.0, 30.0, 2.0, 3.0, 2.5, 3.9, 1.0, 0.02, 80.0, 2.5, 1.5, 100.0, 200.0, 100.0, 10.0, 2.3, 2.3, 1.0, 1.0, 5.0, 360.0, 190.0, 1130.0, 14.1, 5.0, 5.0, 150.0, 0.5, 25.0, 1.0, 40.0, 10.0, 40.0, 5.0, 0.5, 5.0, 1.0, 10.0, 0.5, 2.0, 150.0, 20.0, 5.3, 0.5, 0.6, 30.0, 30.0, 90.0, 0.5, 7.131, 15.0, 50.0, 25.0, 1.0, 0.2, 3.0, 4.0, 0.45, 96.0, 3.805, 1.188, 50.0, 20.0, 20.62, 16.62, 1.0, 50.0, 50.0, 2.0, 10.0, 10.0, 10.0, 8.0, 6.0, 553.8, 0.5, 800.0]}
{"year": 2021, "load": [100.0, 150.0, 2.16, 1.0, 1.4, 8.0, 35.0, 25.0, 180.0, 15.0, 2.2, 5.0, 1.0, 3.0, 5.0, 3.0, 5.0, 3.0, 5.0, 3.0, 5.0, 3.0, 5.0, 3.0, 5.0, 5.0, 5.0, 3.0, 5.0, 3.0, 5.0, 0.2, 5.0, 80.0, 15.0, 0.03, 25.0, 0.3, 50.0, 100.0, 0.05, 50.0, 17.0, 21.6, 0.75, 5.81, 0.1, 0.35, 1080.308, 6.33, 280.0, 454.0, 0.025, 5.778, 2.0, 1.0, 80.0, 100.0, 200.0, 100.0, 1.0, 2.16, 2.16, 300.0, 30.0, 1000.0, 1000.0, 1249.0, 1250.0, 1499.0, 1500.0, 1000.0, 950.0, 1000.0, 1249.0, 1125.0, 1250.0, 1499.0, 1375.0, 1.0, 25.0, 10.0, 60.0, 100.0, 150.0, 200.0, 25.0, 100.0, 0.2, 2.25, 3.0, 75.0, 0.24, 23.6, 0.8, 3.8, 0.62, 1.73, 0.1, 50.0, 25.0, 1.0, 0.5, 0.3, 50.0, 10.0, 0.3, 700.0, 6.0, 0.5, 50.0, 0.3, 1.0, 8.0, 10.0, 1.0, 1.0, 2.76, 25.0, 5.0]}
